{"cameraMode":{"drawMode":0,"name":"Shaded","section":"Shading Mode"},"sceneLighting":true,"audioPlay":false,"sceneViewState":{"m_AlwaysRefresh":false,"showFog":true,"showSkybox":true,"showFlares":true,"showImageEffects":true,"showParticleSystems":true,"showVisualEffectGraphs":true,"m_FxEnabled":true},"in2DMode":false,"pivot":{"x":-41.94903564453125,"y":2.9041643142700197,"z":111.81074523925781},"rotation":{"x":0.39547625184059145,"y":-0.20524375140666963,"z":0.09113863855600357,"w":0.8906038999557495},"size":14.196378707885743,"orthographic":false}